"File","Source","Concept"
"099_tps.png","006_loading.png","Clock"
"103_performance.png","002_server.png","Beacon"
"104_monitor.png","009_activity.png","Observer"
"118_time.png","006_loading.png","Clock"
"121_cheats.png","071_console.png","Command Block"
"123_view_distance.png","025_verify.png","Spyglass"
"124_simulation_distance.png","009_activity.png","Observer"
"127_scheduler.png","006_loading.png","Clock"
"145_proxy.png","034_import_world.png","Nether Portal"
"147_plugins.png","029_installer.png","Crafting Table"
"162_folder.png","084_archive.png","Barrel"
"169_delete.png","077_clear_logs.png","Lava Bucket"
"170_edit.png","074_logs.png","Book & Quill"
"172_search.png","025_verify.png","Spyglass"
"187_port.png","034_import_world.png","Nether Portal"
"125_autosave.png","086_schedule_backup.png","086_schedule_backup.png shared concept"
"161_files.png","093_disk.png","093_disk.png shared concept"
"194_remote_access.png","096_network.png","096_network.png shared concept"
"180_encryption.png","111_settings.png","111_settings.png shared concept"
"155_resourcepacks.png","153_modpack.png","153_modpack.png shared concept"
"182_shield.png","176_security.png","176_security.png shared concept"
